underlying,near_future_symbol,next_future_symbol,far_future_symbol,near_expiry,next_expiry,far_expiry,lot_sizes,live_futures_contracts,live_options_contracts,updated_at
360ONE,NSE:360ONE26JULFUT,NSE:360ONE26AUGFUT,NSE:360ONE26SEPFUT,2026-07-28,2026-08-25 00:00:00,2026-09-29 00:00:00,500,3,240,2026-07-16T23:27:02
ABB,NSE:ABB26JULFUT,NSE:ABB26AUGFUT,NSE:ABB26SEPFUT,2026-07-28,2026-08-25 00:00:00,2026-09-29 00:00:00,125,3,311,2026-07-16T23:27:02
ABCAPITAL,NSE:ABCAPITAL26JULFUT,NSE:ABCAPITAL26AUGFUT,NSE:ABCAPITAL26SEPFUT,2026-07-28,2026-08-25 00:00:00,2026-09-29 00:00:00,3100,3,320,2026-07-16T23:27:02
ADANIENSOL,NSE:ADANIENSOL26JULFUT,NSE:ADANIENSOL26AUGFUT,NSE:ADANIENSOL26SEPFUT,2026-07-28,2026-08-25 00:00:00,2026-09-29 00:00:00,675,3,350,2026-07-16T23:27:02
ADANIENT,NSE:ADANIENT26JULFUT,NSE:ADANIENT26AUGFUT,NSE:ADANIENT26SEPFUT,2026-07-28,2026-08-25 00:00:00,2026-09-29 00:00:00,309,3,294,2026-07-16T23:27:02
ADANIGREEN,NSE:ADANIGREEN26JULFUT,NSE:ADANIGREEN26AUGFUT,NSE:ADANIGREEN26SEPFUT,2026-07-28,2026-08-25 00:00:00,2026-09-29 00:00:00,600,3,352,2026-07-16T23:27:02
ADANIPORTS,NSE:ADANIPORTS26JULFUT,NSE:ADANIPORTS26AUGFUT,NSE:ADANIPORTS26SEPFUT,2026-07-28,2026-08-25 00:00:00,2026-09-29 00:00:00,475,3,374,2026-07-16T23:27:02
ADANIPOWER,NSE:ADANIPOWER26JULFUT,NSE:ADANIPOWER26AUGFUT,NSE:ADANIPOWER26SEPFUT,2026-07-28,2026-08-25 00:00:00,2026-09-29 00:00:00,3550,3,200,2026-07-16T23:27:02
ALKEM,NSE:ALKEM26JULFUT,NSE:ALKEM26AUGFUT,NSE:ALKEM26SEPFUT,2026-07-28,2026-08-25 00:00:00,2026-09-29 00:00:00,125,3,426,2026-07-16T23:27:02
AMBER,NSE:AMBER26JULFUT,NSE:AMBER26AUGFUT,NSE:AMBER26SEPFUT,2026-07-28,2026-08-25 00:00:00,2026-09-29 00:00:00,100,3,332,2026-07-16T23:27:03
AMBUJACEM,NSE:AMBUJACEM26JULFUT,NSE:AMBUJACEM26AUGFUT,NSE:AMBUJACEM26SEPFUT,2026-07-28,2026-08-25 00:00:00,2026-09-29 00:00:00,1200,3,342,2026-07-16T23:27:03
ANGELONE,NSE:ANGELONE26JULFUT,NSE:ANGELONE26AUGFUT,NSE:ANGELONE26SEPFUT,2026-07-28,2026-08-25 00:00:00,2026-09-29 00:00:00,2500,3,296,2026-07-16T23:27:03
APLAPOLLO,NSE:APLAPOLLO26JULFUT,NSE:APLAPOLLO26AUGFUT,NSE:APLAPOLLO26SEPFUT,2026-07-28,2026-08-25 00:00:00,2026-09-29 00:00:00,350,3,364,2026-07-16T23:27:03
APOLLOHOSP,NSE:APOLLOHOSP26JULFUT,NSE:APOLLOHOSP26AUGFUT,NSE:APOLLOHOSP26SEPFUT,2026-07-28,2026-08-25 00:00:00,2026-09-29 00:00:00,125,3,362,2026-07-16T23:27:03
ASHOKLEY,NSE:ASHOKLEY26JULFUT,NSE:ASHOKLEY26AUGFUT,NSE:ASHOKLEY26SEPFUT,2026-07-28,2026-08-25 00:00:00,2026-09-29 00:00:00,5000,3,260,2026-07-16T23:27:03
ASIANPAINT,NSE:ASIANPAINT26JULFUT,NSE:ASIANPAINT26AUGFUT,NSE:ASIANPAINT26SEPFUT,2026-07-28,2026-08-25 00:00:00,2026-09-29 00:00:00,250,3,516,2026-07-16T23:27:03
ASTRAL,NSE:ASTRAL26JULFUT,NSE:ASTRAL26AUGFUT,NSE:ASTRAL26SEPFUT,2026-07-28,2026-08-25 00:00:00,2026-09-29 00:00:00,425,3,328,2026-07-16T23:27:03
AUBANK,NSE:AUBANK26JULFUT,NSE:AUBANK26AUGFUT,NSE:AUBANK26SEPFUT,2026-07-28,2026-08-25 00:00:00,2026-09-29 00:00:00,1000,3,242,2026-07-16T23:27:03
AUROPHARMA,NSE:AUROPHARMA26JULFUT,NSE:AUROPHARMA26AUGFUT,NSE:AUROPHARMA26SEPFUT,2026-07-28,2026-08-25 00:00:00,2026-09-29 00:00:00,550,3,292,2026-07-16T23:27:03
AXISBANK,NSE:AXISBANK26JULFUT,NSE:AXISBANK26AUGFUT,NSE:AXISBANK26SEPFUT,2026-07-28,2026-08-25 00:00:00,2026-09-29 00:00:00,625,3,314,2026-07-16T23:27:03
BAJAJ-AUTO,NSE:BAJAJ-AUTO26JULFUT,NSE:BAJAJ-AUTO26AUGFUT,NSE:BAJAJ-AUTO26SEPFUT,2026-07-28,2026-08-25 00:00:00,2026-09-29 00:00:00,75,3,404,2026-07-16T23:27:03
BAJAJFINSV,NSE:BAJAJFINSV26JULFUT,NSE:BAJAJFINSV26AUGFUT,NSE:BAJAJFINSV26SEPFUT,2026-07-28,2026-08-25 00:00:00,2026-09-29 00:00:00,300,3,378,2026-07-16T23:27:03
BAJAJHLDNG,NSE:BAJAJHLDNG26JULFUT,NSE:BAJAJHLDNG26AUGFUT,NSE:BAJAJHLDNG26SEPFUT,2026-07-28,2026-08-25 00:00:00,2026-09-29 00:00:00,75,3,436,2026-07-16T23:27:03
BAJFINANCE,NSE:BAJFINANCE26JULFUT,NSE:BAJFINANCE26AUGFUT,NSE:BAJFINANCE26SEPFUT,2026-07-28,2026-08-25 00:00:00,2026-09-29 00:00:00,750,3,386,2026-07-16T23:27:03
BANDHANBNK,NSE:BANDHANBNK26JULFUT,NSE:BANDHANBNK26AUGFUT,NSE:BANDHANBNK26SEPFUT,2026-07-28,2026-08-25 00:00:00,2026-09-29 00:00:00,3600,3,216,2026-07-16T23:27:03
BANKBARODA,NSE:BANKBARODA26JULFUT,NSE:BANKBARODA26AUGFUT,NSE:BANKBARODA26SEPFUT,2026-07-28,2026-08-25 00:00:00,2026-09-29 00:00:00,2925,3,317,2026-07-16T23:27:03
BANKINDIA,NSE:BANKINDIA26JULFUT,NSE:BANKINDIA26AUGFUT,NSE:BANKINDIA26SEPFUT,2026-07-28,2026-08-25 00:00:00,2026-09-29 00:00:00,5200,3,263,2026-07-16T23:27:03
BANKNIFTY,NSE:BANKNIFTY26JULFUT,NSE:BANKNIFTY26AUGFUT,NSE:BANKNIFTY26SEPFUT,2026-07-28,2026-08-25 00:00:00,2026-09-29 00:00:00,30,3,2424,2026-07-16T23:27:03
BDL,NSE:BDL26JULFUT,NSE:BDL26AUGFUT,NSE:BDL26SEPFUT,2026-07-28,2026-08-25 00:00:00,2026-09-29 00:00:00,425,3,272,2026-07-16T23:27:03
BEL,NSE:BEL26JULFUT,NSE:BEL26AUGFUT,NSE:BEL26SEPFUT,2026-07-28,2026-08-25 00:00:00,2026-09-29 00:00:00,1425,3,332,2026-07-16T23:27:03
BHARATFORG,NSE:BHARATFORG26JULFUT,NSE:BHARATFORG26AUGFUT,NSE:BHARATFORG26SEPFUT,2026-07-28,2026-08-25 00:00:00,2026-09-29 00:00:00,500,3,412,2026-07-16T23:27:03
BHARTIARTL,NSE:BHARTIARTL26JULFUT,NSE:BHARTIARTL26AUGFUT,NSE:BHARTIARTL26SEPFUT,2026-07-28,2026-08-25 00:00:00,2026-09-29 00:00:00,475,3,364,2026-07-16T23:27:03
BHEL,NSE:BHEL26JULFUT,NSE:BHEL26AUGFUT,NSE:BHEL26SEPFUT,2026-07-28,2026-08-25 00:00:00,2026-09-29 00:00:00,2625,3,380,2026-07-16T23:27:03
BIOCON,NSE:BIOCON26JULFUT,NSE:BIOCON26AUGFUT,NSE:BIOCON26SEPFUT,2026-07-28,2026-08-25 00:00:00,2026-09-29 00:00:00,2500,3,350,2026-07-16T23:27:03
BLUESTARCO,NSE:BLUESTARCO26JULFUT,NSE:BLUESTARCO26AUGFUT,NSE:BLUESTARCO26SEPFUT,2026-07-28,2026-08-25 00:00:00,2026-09-29 00:00:00,325,3,356,2026-07-16T23:27:03
BOSCHLTD,NSE:BOSCHLTD26JULFUT,NSE:BOSCHLTD26AUGFUT,NSE:BOSCHLTD26SEPFUT,2026-07-28,2026-08-25 00:00:00,2026-09-29 00:00:00,25,3,346,2026-07-16T23:27:03
BPCL,NSE:BPCL26JULFUT,NSE:BPCL26AUGFUT,NSE:BPCL26SEPFUT,2026-07-28,2026-08-25 00:00:00,2026-09-29 00:00:00,1975,3,256,2026-07-16T23:27:03
BRITANNIA,NSE:BRITANNIA26JULFUT,NSE:BRITANNIA26AUGFUT,NSE:BRITANNIA26SEPFUT,2026-07-28,2026-08-25 00:00:00,2026-09-29 00:00:00,125,3,420,2026-07-16T23:27:03
BSE,NSE:BSE26JULFUT,NSE:BSE26AUGFUT,NSE:BSE26SEPFUT,2026-07-28,2026-08-25 00:00:00,2026-09-29 00:00:00,200,3,205,2026-07-16T23:27:03
CAMS,NSE:CAMS26JULFUT,NSE:CAMS26AUGFUT,NSE:CAMS26SEPFUT,2026-07-28,2026-08-25 00:00:00,2026-09-29 00:00:00,825,3,336,2026-07-16T23:27:03
CANBK,NSE:CANBK26JULFUT,NSE:CANBK26AUGFUT,NSE:CANBK26SEPFUT,2026-07-28,2026-08-25 00:00:00,2026-09-29 00:00:00,6750,3,336,2026-07-16T23:27:03
CDSL,NSE:CDSL26JULFUT,NSE:CDSL26AUGFUT,NSE:CDSL26SEPFUT,2026-07-28,2026-08-25 00:00:00,2026-09-29 00:00:00,475,3,272,2026-07-16T23:27:03
CGPOWER,NSE:CGPOWER26JULFUT,NSE:CGPOWER26AUGFUT,NSE:CGPOWER26SEPFUT,2026-07-28,2026-08-25 00:00:00,2026-09-29 00:00:00,850,3,244,2026-07-16T23:27:03
CHOLAFIN,NSE:CHOLAFIN26JULFUT,NSE:CHOLAFIN26AUGFUT,NSE:CHOLAFIN26SEPFUT,2026-07-28,2026-08-25 00:00:00,2026-09-29 00:00:00,625,3,330,2026-07-16T23:27:03
CIPLA,NSE:CIPLA26JULFUT,NSE:CIPLA26AUGFUT,NSE:CIPLA26SEPFUT,2026-07-28,2026-08-25 00:00:00,2026-09-29 00:00:00,425,3,516,2026-07-16T23:27:03
COALINDIA,NSE:COALINDIA26JULFUT,NSE:COALINDIA26AUGFUT,NSE:COALINDIA26SEPFUT,2026-07-28,2026-08-25 00:00:00,2026-09-29 00:00:00,1350,3,358,2026-07-16T23:27:03
COCHINSHIP,NSE:COCHINSHIP26JULFUT,NSE:COCHINSHIP26AUGFUT,NSE:COCHINSHIP26SEPFUT,2026-07-28,2026-08-25 00:00:00,2026-09-29 00:00:00,400,3,306,2026-07-16T23:27:03
COFORGE,NSE:COFORGE26JULFUT,NSE:COFORGE26AUGFUT,NSE:COFORGE26SEPFUT,2026-07-28,2026-08-25 00:00:00,2026-09-29 00:00:00,475,3,316,2026-07-16T23:27:03
COLPAL,NSE:COLPAL26JULFUT,NSE:COLPAL26AUGFUT,NSE:COLPAL26SEPFUT,2026-07-28,2026-08-25 00:00:00,2026-09-29 00:00:00,275,3,418,2026-07-16T23:27:03
CONCOR,NSE:CONCOR26JULFUT,NSE:CONCOR26AUGFUT,NSE:CONCOR26SEPFUT,2026-07-28,2026-08-25 00:00:00,2026-09-29 00:00:00,1250,3,392,2026-07-16T23:27:03
CROMPTON,NSE:CROMPTON26JULFUT,NSE:CROMPTON26AUGFUT,NSE:CROMPTON26SEPFUT,2026-07-28,2026-08-25 00:00:00,2026-09-29 00:00:00,2150,3,245,2026-07-16T23:27:03
CUMMINSIND,NSE:CUMMINSIND26JULFUT,NSE:CUMMINSIND26AUGFUT,NSE:CUMMINSIND26SEPFUT,2026-07-28,2026-08-25 00:00:00,2026-09-29 00:00:00,200,3,242,2026-07-16T23:27:03
DABUR,NSE:DABUR26JULFUT,NSE:DABUR26AUGFUT,NSE:DABUR26SEPFUT,2026-07-28,2026-08-25 00:00:00,2026-09-29 00:00:00,1250,3,344,2026-07-16T23:27:03
DALBHARAT,NSE:DALBHARAT26JULFUT,NSE:DALBHARAT26AUGFUT,,2026-07-28,2026-08-25 00:00:00,,325,2,280,2026-07-16T23:27:03
DELHIVERY,NSE:DELHIVERY26JULFUT,NSE:DELHIVERY26AUGFUT,NSE:DELHIVERY26SEPFUT,2026-07-28,2026-08-25 00:00:00,2026-09-29 00:00:00,2075,3,374,2026-07-16T23:27:03
DIVISLAB,NSE:DIVISLAB26JULFUT,NSE:DIVISLAB26AUGFUT,NSE:DIVISLAB26SEPFUT,2026-07-28,2026-08-25 00:00:00,2026-09-29 00:00:00,100,3,305,2026-07-16T23:27:03
DIXON,NSE:DIXON26JULFUT,NSE:DIXON26AUGFUT,NSE:DIXON26SEPFUT,2026-07-28,2026-08-25 00:00:00,2026-09-29 00:00:00,50,3,303,2026-07-16T23:27:03
DLF,NSE:DLF26JULFUT,NSE:DLF26AUGFUT,NSE:DLF26SEPFUT,2026-07-28,2026-08-25 00:00:00,2026-09-29 00:00:00,950,3,293,2026-07-16T23:27:03
DMART,NSE:DMART26JULFUT,NSE:DMART26AUGFUT,NSE:DMART26SEPFUT,2026-07-28,2026-08-25 00:00:00,2026-09-29 00:00:00,150,3,352,2026-07-16T23:27:03
DRREDDY,NSE:DRREDDY26JULFUT,NSE:DRREDDY26AUGFUT,NSE:DRREDDY26SEPFUT,2026-07-28,2026-08-25 00:00:00,2026-09-29 00:00:00,625,3,566,2026-07-16T23:27:03
EICHERMOT,NSE:EICHERMOT26JULFUT,NSE:EICHERMOT26AUGFUT,NSE:EICHERMOT26SEPFUT,2026-07-28,2026-08-25 00:00:00,2026-09-29 00:00:00,100,3,356,2026-07-16T23:27:03
ETERNAL,NSE:ETERNAL26JULFUT,NSE:ETERNAL26AUGFUT,NSE:ETERNAL26SEPFUT,2026-07-28,2026-08-25 00:00:00,2026-09-29 00:00:00,2425,3,246,2026-07-16T23:27:03
EXIDEIND,NSE:EXIDEIND26JULFUT,,,2026-07-28,,,1800,1,169,2026-07-16T23:27:03
FEDERALBNK,NSE:FEDERALBNK26JULFUT,NSE:FEDERALBNK26AUGFUT,NSE:FEDERALBNK26SEPFUT,2026-07-28,2026-08-25 00:00:00,2026-09-29 00:00:00,2500,3,276,2026-07-16T23:27:03
FINNIFTY,NSE:FINNIFTY26JULFUT,NSE:FINNIFTY26AUGFUT,NSE:FINNIFTY26SEPFUT,2026-07-28,2026-08-25 00:00:00,2026-09-29 00:00:00,60,3,1090,2026-07-16T23:27:03
FORCEMOT,NSE:FORCEMOT26JULFUT,NSE:FORCEMOT26AUGFUT,NSE:FORCEMOT26SEPFUT,2026-07-28,2026-08-25 00:00:00,2026-09-29 00:00:00,25,3,180,2026-07-16T23:27:03
FORTIS,NSE:FORTIS26JULFUT,NSE:FORTIS26AUGFUT,NSE:FORTIS26SEPFUT,2026-07-28,2026-08-25 00:00:00,2026-09-29 00:00:00,775,3,392,2026-07-16T23:27:03
GAIL,NSE:GAIL26JULFUT,NSE:GAIL26AUGFUT,NSE:GAIL26SEPFUT,2026-07-28,2026-08-25 00:00:00,2026-09-29 00:00:00,3550,3,340,2026-07-16T23:27:03
GLENMARK,NSE:GLENMARK26JULFUT,NSE:GLENMARK26AUGFUT,NSE:GLENMARK26SEPFUT,2026-07-28,2026-08-25 00:00:00,2026-09-29 00:00:00,375,3,450,2026-07-16T23:27:03
GMRAIRPORT,NSE:GMRAIRPORT26JULFUT,NSE:GMRAIRPORT26AUGFUT,NSE:GMRAIRPORT26SEPFUT,2026-07-28,2026-08-25 00:00:00,2026-09-29 00:00:00,6975,3,424,2026-07-16T23:27:03
GODFRYPHLP,NSE:GODFRYPHLP26JULFUT,NSE:GODFRYPHLP26AUGFUT,NSE:GODFRYPHLP26SEPFUT,2026-07-28,2026-08-25 00:00:00,2026-09-29 00:00:00,275,3,200,2026-07-16T23:27:03
GODREJCP,NSE:GODREJCP26JULFUT,NSE:GODREJCP26AUGFUT,NSE:GODREJCP26SEPFUT,2026-07-28,2026-08-25 00:00:00,2026-09-29 00:00:00,500,3,428,2026-07-16T23:27:03
GODREJPROP,NSE:GODREJPROP26JULFUT,NSE:GODREJPROP26AUGFUT,NSE:GODREJPROP26SEPFUT,2026-07-28,2026-08-25 00:00:00,2026-09-29 00:00:00,325,3,398,2026-07-16T23:27:03
GRASIM,NSE:GRASIM26JULFUT,NSE:GRASIM26AUGFUT,NSE:GRASIM26SEPFUT,2026-07-28,2026-08-25 00:00:00,2026-09-29 00:00:00,250,3,580,2026-07-16T23:27:03
GVT&D,NSE:GVT&D26JULFUT,NSE:GVT&D26AUGFUT,NSE:GVT&D26SEPFUT,2026-07-28,2026-08-25 00:00:00,2026-09-29 00:00:00,125,3,230,2026-07-16T23:27:03
HAL,NSE:HAL26JULFUT,NSE:HAL26AUGFUT,NSE:HAL26SEPFUT,2026-07-28,2026-08-25 00:00:00,2026-09-29 00:00:00,150,3,334,2026-07-16T23:27:03
HAVELLS,NSE:HAVELLS26JULFUT,NSE:HAVELLS26AUGFUT,NSE:HAVELLS26SEPFUT,2026-07-28,2026-08-25 00:00:00,2026-09-29 00:00:00,500,3,258,2026-07-16T23:27:03
HCLTECH,NSE:HCLTECH26JULFUT,NSE:HCLTECH26AUGFUT,NSE:HCLTECH26SEPFUT,2026-07-28,2026-08-25 00:00:00,2026-09-29 00:00:00,400,3,510,2026-07-16T23:27:03
HDFCAMC,NSE:HDFCAMC26JULFUT,NSE:HDFCAMC26AUGFUT,NSE:HDFCAMC26SEPFUT,2026-07-28,2026-08-25 00:00:00,2026-09-29 00:00:00,300,3,312,2026-07-16T23:27:03
HDFCBANK,NSE:HDFCBANK26JULFUT,NSE:HDFCBANK26AUGFUT,NSE:HDFCBANK26SEPFUT,2026-07-28,2026-08-25 00:00:00,2026-09-29 00:00:00,650,3,356,2026-07-16T23:27:03
HDFCLIFE,NSE:HDFCLIFE26JULFUT,NSE:HDFCLIFE26AUGFUT,NSE:HDFCLIFE26SEPFUT,2026-07-28,2026-08-25 00:00:00,2026-09-29 00:00:00,1100,3,476,2026-07-16T23:27:03
HEROMOTOCO,NSE:HEROMOTOCO26JULFUT,NSE:HEROMOTOCO26AUGFUT,NSE:HEROMOTOCO26SEPFUT,2026-07-28,2026-08-25 00:00:00,2026-09-29 00:00:00,150,3,241,2026-07-16T23:27:03
HINDALCO,NSE:HINDALCO26JULFUT,NSE:HINDALCO26AUGFUT,NSE:HINDALCO26SEPFUT,2026-07-28,2026-08-25 00:00:00,2026-09-29 00:00:00,700,3,248,2026-07-16T23:27:03
HINDPETRO,NSE:HINDPETRO26JULFUT,NSE:HINDPETRO26AUGFUT,NSE:HINDPETRO26SEPFUT,2026-07-28,2026-08-25 00:00:00,2026-09-29 00:00:00,2025,3,204,2026-07-16T23:27:03
HINDUNILVR,NSE:HINDUNILVR26JULFUT,NSE:HINDUNILVR26AUGFUT,NSE:HINDUNILVR26SEPFUT,2026-07-28,2026-08-25 00:00:00,2026-09-29 00:00:00,300,3,434,2026-07-16T23:27:03
HINDZINC,NSE:HINDZINC26JULFUT,NSE:HINDZINC26AUGFUT,NSE:HINDZINC26SEPFUT,2026-07-28,2026-08-25 00:00:00,2026-09-29 00:00:00,1225,3,228,2026-07-16T23:27:03
HYUNDAI,NSE:HYUNDAI26JULFUT,NSE:HYUNDAI26AUGFUT,NSE:HYUNDAI26SEPFUT,2026-07-28,2026-08-25 00:00:00,2026-09-29 00:00:00,275,3,418,2026-07-16T23:27:03
ICICIBANK,NSE:ICICIBANK26JULFUT,NSE:ICICIBANK26AUGFUT,NSE:ICICIBANK26SEPFUT,2026-07-28,2026-08-25 00:00:00,2026-09-29 00:00:00,700,3,514,2026-07-16T23:27:03
ICICIGI,NSE:ICICIGI26JULFUT,NSE:ICICIGI26AUGFUT,NSE:ICICIGI26SEPFUT,2026-07-28,2026-08-25 00:00:00,2026-09-29 00:00:00,325,3,362,2026-07-16T23:27:03
ICICIPRULI,NSE:ICICIPRULI26JULFUT,NSE:ICICIPRULI26AUGFUT,NSE:ICICIPRULI26SEPFUT,2026-07-28,2026-08-25 00:00:00,2026-09-29 00:00:00,925,3,422,2026-07-16T23:27:03
IDEA,NSE:IDEA26JULFUT,NSE:IDEA26AUGFUT,NSE:IDEA26SEPFUT,2026-07-28,2026-08-25 00:00:00,2026-09-29 00:00:00,71475,3,113,2026-07-16T23:27:03
IDFCFIRSTB,NSE:IDFCFIRSTB26JULFUT,NSE:IDFCFIRSTB26AUGFUT,NSE:IDFCFIRSTB26SEPFUT,2026-07-28,2026-08-25 00:00:00,2026-09-29 00:00:00,9275,3,328,2026-07-16T23:27:03
IEX,NSE:IEX26JULFUT,NSE:IEX26AUGFUT,NSE:IEX26SEPFUT,2026-07-28,2026-08-25 00:00:00,2026-09-29 00:00:00,4350,3,255,2026-07-16T23:27:03
INDHOTEL,NSE:INDHOTEL26JULFUT,NSE:INDHOTEL26AUGFUT,NSE:INDHOTEL26SEPFUT,2026-07-28,2026-08-25 00:00:00,2026-09-29 00:00:00,1000,3,306,2026-07-16T23:27:03
INDIANB,NSE:INDIANB26JULFUT,NSE:INDIANB26AUGFUT,NSE:INDIANB26SEPFUT,2026-07-28,2026-08-25 00:00:00,2026-09-29 00:00:00,1000,3,412,2026-07-16T23:27:03
INDIGO,NSE:INDIGO26JULFUT,NSE:INDIGO26AUGFUT,NSE:INDIGO26SEPFUT,2026-07-28,2026-08-25 00:00:00,2026-09-29 00:00:00,150,3,253,2026-07-16T23:27:03
INDUSINDBK,NSE:INDUSINDBK26JULFUT,NSE:INDUSINDBK26AUGFUT,NSE:INDUSINDBK26SEPFUT,2026-07-28,2026-08-25 00:00:00,2026-09-29 00:00:00,700,3,392,2026-07-16T23:27:03
INDUSTOWER,NSE:INDUSTOWER26JULFUT,NSE:INDUSTOWER26AUGFUT,NSE:INDUSTOWER26SEPFUT,2026-07-28,2026-08-25 00:00:00,2026-09-29 00:00:00,1700,3,336,2026-07-16T23:27:03
INFY,NSE:INFY26JULFUT,NSE:INFY26AUGFUT,NSE:INFY26SEPFUT,2026-07-28,2026-08-25 00:00:00,2026-09-29 00:00:00,400,3,395,2026-07-16T23:27:03
INOXWIND,NSE:INOXWIND26JULFUT,NSE:INOXWIND26AUGFUT,NSE:INOXWIND26SEPFUT,2026-07-28,2026-08-25 00:00:00,2026-09-29 00:00:00,6400,3,227,2026-07-16T23:27:03
IOC,NSE:IOC26JULFUT,NSE:IOC26AUGFUT,NSE:IOC26SEPFUT,2026-07-28,2026-08-25 00:00:00,2026-09-29 00:00:00,4875,3,295,2026-07-16T23:27:03
IREDA,NSE:IREDA26JULFUT,NSE:IREDA26AUGFUT,NSE:IREDA26SEPFUT,2026-07-28,2026-08-25 00:00:00,2026-09-29 00:00:00,4525,3,279,2026-07-16T23:27:03
IRFC,NSE:IRFC26JULFUT,NSE:IRFC26AUGFUT,NSE:IRFC26SEPFUT,2026-07-28,2026-08-25 00:00:00,2026-09-29 00:00:00,5425,3,394,2026-07-16T23:27:03
ITC,NSE:ITC26JULFUT,NSE:ITC26AUGFUT,NSE:ITC26SEPFUT,2026-07-28,2026-08-25 00:00:00,2026-09-29 00:00:00,1725,3,496,2026-07-16T23:27:03
JINDALSTEL,NSE:JINDALSTEL26JULFUT,NSE:JINDALSTEL26AUGFUT,NSE:JINDALSTEL26SEPFUT,2026-07-28,2026-08-25 00:00:00,2026-09-29 00:00:00,625,3,248,2026-07-16T23:27:03
JIOFIN,NSE:JIOFIN26JULFUT,NSE:JIOFIN26AUGFUT,NSE:JIOFIN26SEPFUT,2026-07-28,2026-08-25 00:00:00,2026-09-29 00:00:00,2350,3,402,2026-07-16T23:27:03
JSWENERGY,NSE:JSWENERGY26JULFUT,NSE:JSWENERGY26AUGFUT,NSE:JSWENERGY26SEPFUT,2026-07-28,2026-08-25 00:00:00,2026-09-29 00:00:00,1075,3,259,2026-07-16T23:27:03
JSWSTEEL,NSE:JSWSTEEL26JULFUT,NSE:JSWSTEEL26AUGFUT,NSE:JSWSTEEL26SEPFUT,2026-07-28,2026-08-25 00:00:00,2026-09-29 00:00:00,675,3,283,2026-07-16T23:27:03
JUBLFOOD,NSE:JUBLFOOD26JULFUT,NSE:JUBLFOOD26AUGFUT,NSE:JUBLFOOD26SEPFUT,2026-07-28,2026-08-25 00:00:00,2026-09-29 00:00:00,1250,3,354,2026-07-16T23:27:03
KALYANKJIL,NSE:KALYANKJIL26JULFUT,NSE:KALYANKJIL26AUGFUT,NSE:KALYANKJIL26SEPFUT,2026-07-28,2026-08-25 00:00:00,2026-09-29 00:00:00,1350,3,506,2026-07-16T23:27:03
KAYNES,NSE:KAYNES26JULFUT,NSE:KAYNES26AUGFUT,NSE:KAYNES26SEPFUT,2026-07-28,2026-08-25 00:00:00,2026-09-29 00:00:00,150,3,271,2026-07-16T23:27:03
KEI,NSE:KEI26JULFUT,NSE:KEI26AUGFUT,NSE:KEI26SEPFUT,2026-07-28,2026-08-25 00:00:00,2026-09-29 00:00:00,175,3,245,2026-07-16T23:27:03
KFINTECH,NSE:KFINTECH26JULFUT,NSE:KFINTECH26AUGFUT,NSE:KFINTECH26SEPFUT,2026-07-28,2026-08-25 00:00:00,2026-09-29 00:00:00,575,3,209,2026-07-16T23:27:03
KOTAKBANK,NSE:KOTAKBANK26JULFUT,NSE:KOTAKBANK26AUGFUT,NSE:KOTAKBANK26SEPFUT,2026-07-28,2026-08-25 00:00:00,2026-09-29 00:00:00,2000,3,370,2026-07-16T23:27:03
KPITTECH,NSE:KPITTECH26JULFUT,NSE:KPITTECH26AUGFUT,NSE:KPITTECH26SEPFUT,2026-07-28,2026-08-25 00:00:00,2026-09-29 00:00:00,775,3,335,2026-07-16T23:27:03
LAURUSLABS,NSE:LAURUSLABS26JULFUT,NSE:LAURUSLABS26AUGFUT,NSE:LAURUSLABS26SEPFUT,2026-07-28,2026-08-25 00:00:00,2026-09-29 00:00:00,850,3,320,2026-07-16T23:27:03
LICHSGFIN,NSE:LICHSGFIN26JULFUT,NSE:LICHSGFIN26AUGFUT,NSE:LICHSGFIN26SEPFUT,2026-07-28,2026-08-25 00:00:00,2026-09-29 00:00:00,1000,3,246,2026-07-16T23:27:03
LICI,NSE:LICI26JULFUT,NSE:LICI26AUGFUT,NSE:LICI26SEPFUT,2026-07-28,2026-08-25 00:00:00,2026-09-29 00:00:00,1400,3,342,2026-07-16T23:27:03
LODHA,NSE:LODHA26JULFUT,NSE:LODHA26AUGFUT,NSE:LODHA26SEPFUT,2026-07-28,2026-08-25 00:00:00,2026-09-29 00:00:00,625,3,259,2026-07-16T23:27:03
LT,NSE:LT26JULFUT,NSE:LT26AUGFUT,NSE:LT26SEPFUT,2026-07-28,2026-08-25 00:00:00,2026-09-29 00:00:00,175,3,398,2026-07-16T23:27:03
LTF,NSE:LTF26JULFUT,NSE:LTF26AUGFUT,NSE:LTF26SEPFUT,2026-07-28,2026-08-25 00:00:00,2026-09-29 00:00:00,2250,3,246,2026-07-16T23:27:03
LTM,NSE:LTM26JULFUT,NSE:LTM26AUGFUT,NSE:LTM26SEPFUT,2026-07-28,2026-08-25 00:00:00,2026-09-29 00:00:00,150,3,368,2026-07-16T23:27:03
LUPIN,NSE:LUPIN26JULFUT,NSE:LUPIN26AUGFUT,NSE:LUPIN26SEPFUT,2026-07-28,2026-08-25 00:00:00,2026-09-29 00:00:00,425,3,468,2026-07-16T23:27:03
M&M,NSE:M&M26JULFUT,NSE:M&M26AUGFUT,NSE:M&M26SEPFUT,2026-07-28,2026-08-25 00:00:00,2026-09-29 00:00:00,200,3,319,2026-07-16T23:27:03
MANAPPURAM,NSE:MANAPPURAM26JULFUT,NSE:MANAPPURAM26AUGFUT,NSE:MANAPPURAM26SEPFUT,2026-07-28,2026-08-25 00:00:00,2026-09-29 00:00:00,3000,3,274,2026-07-16T23:27:03
MANKIND,NSE:MANKIND26JULFUT,NSE:MANKIND26AUGFUT,NSE:MANKIND26SEPFUT,2026-07-28,2026-08-25 00:00:00,2026-09-29 00:00:00,250,3,470,2026-07-16T23:27:03
MARICO,NSE:MARICO26JULFUT,NSE:MARICO26AUGFUT,NSE:MARICO26SEPFUT,2026-07-28,2026-08-25 00:00:00,2026-09-29 00:00:00,1200,3,339,2026-07-16T23:27:03
MARUTI,NSE:MARUTI26JULFUT,NSE:MARUTI26AUGFUT,NSE:MARUTI26SEPFUT,2026-07-28,2026-08-25 00:00:00,2026-09-29 00:00:00,50,3,546,2026-07-16T23:27:03
MAXHEALTH,NSE:MAXHEALTH26JULFUT,NSE:MAXHEALTH26AUGFUT,NSE:MAXHEALTH26SEPFUT,2026-07-28,2026-08-25 00:00:00,2026-09-29 00:00:00,525,3,438,2026-07-16T23:27:03
MAZDOCK,NSE:MAZDOCK26JULFUT,NSE:MAZDOCK26AUGFUT,NSE:MAZDOCK26SEPFUT,2026-07-28,2026-08-25 00:00:00,2026-09-29 00:00:00,225,3,262,2026-07-16T23:27:03
MCX,NSE:MCX26JULFUT,NSE:MCX26AUGFUT,NSE:MCX26SEPFUT,2026-07-28,2026-08-25 00:00:00,2026-09-29 00:00:00,225,3,258,2026-07-16T23:27:03
MFSL,NSE:MFSL26JULFUT,NSE:MFSL26AUGFUT,NSE:MFSL26SEPFUT,2026-07-28,2026-08-25 00:00:00,2026-09-29 00:00:00,400,3,328,2026-07-16T23:27:04
MIDCPNIFTY,NSE:MIDCPNIFTY26JULFUT,NSE:MIDCPNIFTY26AUGFUT,NSE:MIDCPNIFTY26SEPFUT,2026-07-28,2026-08-25 00:00:00,2026-09-29 00:00:00,120,3,1550,2026-07-16T23:27:04
MOTHERSON,NSE:MOTHERSON26JULFUT,NSE:MOTHERSON26AUGFUT,NSE:MOTHERSON26SEPFUT,2026-07-28,2026-08-25 00:00:00,2026-09-29 00:00:00,6150,3,293,2026-07-16T23:27:04
MOTILALOFS,NSE:MOTILALOFS26JULFUT,NSE:MOTILALOFS26AUGFUT,NSE:MOTILALOFS26SEPFUT,2026-07-28,2026-08-25 00:00:00,2026-09-29 00:00:00,775,3,240,2026-07-16T23:27:04
MPHASIS,NSE:MPHASIS26JULFUT,NSE:MPHASIS26AUGFUT,NSE:MPHASIS26SEPFUT,2026-07-28,2026-08-25 00:00:00,2026-09-29 00:00:00,275,3,353,2026-07-16T23:27:04
MUTHOOTFIN,NSE:MUTHOOTFIN26JULFUT,NSE:MUTHOOTFIN26AUGFUT,NSE:MUTHOOTFIN26SEPFUT,2026-07-28,2026-08-25 00:00:00,2026-09-29 00:00:00,275,3,264,2026-07-16T23:27:04
NAM-INDIA,NSE:NAM-INDIA26JULFUT,NSE:NAM-INDIA26AUGFUT,NSE:NAM-INDIA26SEPFUT,2026-07-28,2026-08-25 00:00:00,2026-09-29 00:00:00,625,3,230,2026-07-16T23:27:04
NATIONALUM,NSE:NATIONALUM26JULFUT,NSE:NATIONALUM26AUGFUT,NSE:NATIONALUM26SEPFUT,2026-07-28,2026-08-25 00:00:00,2026-09-29 00:00:00,1875,3,207,2026-07-16T23:27:04
NAUKRI,NSE:NAUKRI26JULFUT,NSE:NAUKRI26AUGFUT,NSE:NAUKRI26SEPFUT,2026-07-28,2026-08-25 00:00:00,2026-09-29 00:00:00,550,3,283,2026-07-16T23:27:04
NBCC,NSE:NBCC26JULFUT,NSE:NBCC26AUGFUT,NSE:NBCC26SEPFUT,2026-07-28,2026-08-25 00:00:00,2026-09-29 00:00:00,6500,3,222,2026-07-16T23:27:04
NESTLEIND,NSE:NESTLEIND26JULFUT,NSE:NESTLEIND26AUGFUT,NSE:NESTLEIND26SEPFUT,2026-07-28,2026-08-25 00:00:00,2026-09-29 00:00:00,500,3,516,2026-07-16T23:27:04
NHPC,NSE:NHPC26JULFUT,NSE:NHPC26AUGFUT,NSE:NHPC26SEPFUT,2026-07-28,2026-08-25 00:00:00,2026-09-29 00:00:00,6950,3,320,2026-07-16T23:27:04
NIFTY,NSE:NIFTY26JULFUT,NSE:NIFTY26AUGFUT,NSE:NIFTY26SEPFUT,2026-07-28,2026-08-25 00:00:00,2026-09-29 00:00:00,65,3,3938,2026-07-16T23:27:04
NIFTYNXT50,NSE:NIFTYNXT5026JULFUT,NSE:NIFTYNXT5026AUGFUT,NSE:NIFTYNXT5026SEPFUT,2026-07-28,2026-08-25 00:00:00,2026-09-29 00:00:00,25,3,2102,2026-07-16T23:27:04
NMDC,NSE:NMDC26JULFUT,NSE:NMDC26AUGFUT,NSE:NMDC26SEPFUT,2026-07-28,2026-08-25 00:00:00,2026-09-29 00:00:00,6750,3,356,2026-07-16T23:27:04
NTPC,NSE:NTPC26JULFUT,NSE:NTPC26AUGFUT,NSE:NTPC26SEPFUT,2026-07-28,2026-08-25 00:00:00,2026-09-29 00:00:00,1500,3,312,2026-07-16T23:27:04
NUVAMA,NSE:NUVAMA26JULFUT,,,2026-07-28,,,500,1,142,2026-07-16T23:27:04
NYKAA,NSE:NYKAA26JULFUT,NSE:NYKAA26AUGFUT,NSE:NYKAA26SEPFUT,2026-07-28,2026-08-25 00:00:00,2026-09-29 00:00:00,3125,3,256,2026-07-16T23:27:04
OBEROIRLTY,NSE:OBEROIRLTY26JULFUT,NSE:OBEROIRLTY26AUGFUT,NSE:OBEROIRLTY26SEPFUT,2026-07-28,2026-08-25 00:00:00,2026-09-29 00:00:00,350,3,346,2026-07-16T23:27:04
OFSS,NSE:OFSS26JULFUT,NSE:OFSS26AUGFUT,NSE:OFSS26SEPFUT,2026-07-28,2026-08-25 00:00:00,2026-09-29 00:00:00,100,3,407,2026-07-16T23:27:04
OIL,NSE:OIL26JULFUT,NSE:OIL26AUGFUT,NSE:OIL26SEPFUT,2026-07-28,2026-08-25 00:00:00,2026-09-29 00:00:00,1400,3,326,2026-07-16T23:27:04
ONGC,NSE:ONGC26JULFUT,NSE:ONGC26AUGFUT,NSE:ONGC26SEPFUT,2026-07-28,2026-08-25 00:00:00,2026-09-29 00:00:00,2250,3,404,2026-07-16T23:27:04
PAGEIND,NSE:PAGEIND26JULFUT,NSE:PAGEIND26AUGFUT,NSE:PAGEIND26SEPFUT,2026-07-28,2026-08-25 00:00:00,2026-09-29 00:00:00,20,3,386,2026-07-16T23:27:04
PATANJALI,NSE:PATANJALI26JULFUT,NSE:PATANJALI26AUGFUT,NSE:PATANJALI26SEPFUT,2026-07-28,2026-08-25 00:00:00,2026-09-29 00:00:00,1075,3,390,2026-07-16T23:27:04
PAYTM,NSE:PAYTM26JULFUT,NSE:PAYTM26AUGFUT,NSE:PAYTM26SEPFUT,2026-07-28,2026-08-25 00:00:00,2026-09-29 00:00:00,725,3,294,2026-07-16T23:27:04
PERSISTENT,NSE:PERSISTENT26JULFUT,NSE:PERSISTENT26AUGFUT,NSE:PERSISTENT26SEPFUT,2026-07-28,2026-08-25 00:00:00,2026-09-29 00:00:00,125,3,287,2026-07-16T23:27:04
PETRONET,NSE:PETRONET26JULFUT,NSE:PETRONET26AUGFUT,NSE:PETRONET26SEPFUT,2026-07-28,2026-08-25 00:00:00,2026-09-29 00:00:00,1900,3,243,2026-07-16T23:27:04
PFC,NSE:PFC26JULFUT,NSE:PFC26AUGFUT,NSE:PFC26SEPFUT,2026-07-28,2026-08-25 00:00:00,2026-09-29 00:00:00,1300,3,350,2026-07-16T23:27:04
PGEL,NSE:PGEL26JULFUT,NSE:PGEL26AUGFUT,NSE:PGEL26SEPFUT,2026-07-28,2026-08-25 00:00:00,2026-09-29 00:00:00,950,3,230,2026-07-16T23:27:04
PHOENIXLTD,NSE:PHOENIXLTD26JULFUT,NSE:PHOENIXLTD26AUGFUT,NSE:PHOENIXLTD26SEPFUT,2026-07-28,2026-08-25 00:00:00,2026-09-29 00:00:00,350,3,390,2026-07-16T23:27:04
PIDILITIND,NSE:PIDILITIND26JULFUT,NSE:PIDILITIND26AUGFUT,NSE:PIDILITIND26SEPFUT,2026-07-28,2026-08-25 00:00:00,2026-09-29 00:00:00,500,3,351,2026-07-16T23:27:04
PIIND,NSE:PIIND26JULFUT,NSE:PIIND26AUGFUT,NSE:PIIND26SEPFUT,2026-07-28,2026-08-25 00:00:00,2026-09-29 00:00:00,175,3,295,2026-07-16T23:27:04
PNB,NSE:PNB26JULFUT,NSE:PNB26AUGFUT,NSE:PNB26SEPFUT,2026-07-28,2026-08-25 00:00:00,2026-09-29 00:00:00,8000,3,450,2026-07-16T23:27:04
PNBHOUSING,NSE:PNBHOUSING26JULFUT,NSE:PNBHOUSING26AUGFUT,NSE:PNBHOUSING26SEPFUT,2026-07-28,2026-08-25 00:00:00,2026-09-29 00:00:00,650,3,246,2026-07-16T23:27:04
POLICYBZR,NSE:POLICYBZR26JULFUT,NSE:POLICYBZR26AUGFUT,NSE:POLICYBZR26SEPFUT,2026-07-28,2026-08-25 00:00:00,2026-09-29 00:00:00,350,3,336,2026-07-16T23:27:04
POLYCAB,NSE:POLYCAB26JULFUT,NSE:POLYCAB26AUGFUT,NSE:POLYCAB26SEPFUT,2026-07-28,2026-08-25 00:00:00,2026-09-29 00:00:00,125,3,410,2026-07-16T23:27:04
POWERGRID,NSE:POWERGRID26JULFUT,NSE:POWERGRID26AUGFUT,NSE:POWERGRID26SEPFUT,2026-07-28,2026-08-25 00:00:00,2026-09-29 00:00:00,1900,3,458,2026-07-16T23:27:04
POWERINDIA,NSE:POWERINDIA26JULFUT,NSE:POWERINDIA26AUGFUT,NSE:POWERINDIA26SEPFUT,2026-07-28,2026-08-25 00:00:00,2026-09-29 00:00:00,25,3,298,2026-07-16T23:27:04
PREMIERENE,NSE:PREMIERENE26JULFUT,NSE:PREMIERENE26AUGFUT,NSE:PREMIERENE26SEPFUT,2026-07-28,2026-08-25 00:00:00,2026-09-29 00:00:00,650,3,248,2026-07-16T23:27:04
PRESTIGE,NSE:PRESTIGE26JULFUT,NSE:PRESTIGE26AUGFUT,NSE:PRESTIGE26SEPFUT,2026-07-28,2026-08-25 00:00:00,2026-09-29 00:00:00,450,3,322,2026-07-16T23:27:04
RADICO,NSE:RADICO26JULFUT,NSE:RADICO26AUGFUT,NSE:RADICO26SEPFUT,2026-07-28,2026-08-25 00:00:00,2026-09-29 00:00:00,150,3,298,2026-07-16T23:27:04
RBLBANK,NSE:RBLBANK26JULFUT,NSE:RBLBANK26AUGFUT,NSE:RBLBANK26SEPFUT,2026-07-28,2026-08-25 00:00:00,2026-09-29 00:00:00,3175,3,330,2026-07-16T23:27:04
RECLTD,NSE:RECLTD26JULFUT,NSE:RECLTD26AUGFUT,NSE:RECLTD26SEPFUT,2026-07-28,2026-08-25 00:00:00,2026-09-29 00:00:00,1575,3,298,2026-07-16T23:27:04
RELIANCE,NSE:RELIANCE26JULFUT,NSE:RELIANCE26AUGFUT,NSE:RELIANCE26SEPFUT,2026-07-28,2026-08-25 00:00:00,2026-09-29 00:00:00,500,3,506,2026-07-16T23:27:04
RVNL,NSE:RVNL26JULFUT,NSE:RVNL26AUGFUT,NSE:RVNL26SEPFUT,2026-07-28,2026-08-25 00:00:00,2026-09-29 00:00:00,1925,3,226,2026-07-16T23:27:04
SAIL,NSE:SAIL26JULFUT,NSE:SAIL26AUGFUT,NSE:SAIL26SEPFUT,2026-07-28,2026-08-25 00:00:00,2026-09-29 00:00:00,4700,3,290,2026-07-16T23:27:04
SBICARD,NSE:SBICARD26JULFUT,NSE:SBICARD26AUGFUT,NSE:SBICARD26SEPFUT,2026-07-28,2026-08-25 00:00:00,2026-09-29 00:00:00,800,3,270,2026-07-16T23:27:04
SBILIFE,NSE:SBILIFE26JULFUT,NSE:SBILIFE26AUGFUT,NSE:SBILIFE26SEPFUT,2026-07-28,2026-08-25 00:00:00,2026-09-29 00:00:00,375,3,364,2026-07-16T23:27:04
SBIN,NSE:SBIN26JULFUT,NSE:SBIN26AUGFUT,NSE:SBIN26SEPFUT,2026-07-28,2026-08-25 00:00:00,2026-09-29 00:00:00,750,3,416,2026-07-16T23:27:04
SHREECEM,NSE:SHREECEM26JULFUT,NSE:SHREECEM26AUGFUT,NSE:SHREECEM26SEPFUT,2026-07-28,2026-08-25 00:00:00,2026-09-29 00:00:00,25,3,394,2026-07-16T23:27:04
SHRIRAMFIN,NSE:SHRIRAMFIN26JULFUT,NSE:SHRIRAMFIN26AUGFUT,NSE:SHRIRAMFIN26SEPFUT,2026-07-28,2026-08-25 00:00:00,2026-09-29 00:00:00,825,3,248,2026-07-16T23:27:04
SIEMENS,NSE:SIEMENS26JULFUT,NSE:SIEMENS26AUGFUT,NSE:SIEMENS26SEPFUT,2026-07-28,2026-08-25 00:00:00,2026-09-29 00:00:00,175,3,290,2026-07-16T23:27:04
SOLARINDS,NSE:SOLARINDS26JULFUT,NSE:SOLARINDS26AUGFUT,NSE:SOLARINDS26SEPFUT,2026-07-28,2026-08-25 00:00:00,2026-09-29 00:00:00,50,3,290,2026-07-16T23:27:04
SONACOMS,NSE:SONACOMS26JULFUT,NSE:SONACOMS26AUGFUT,NSE:SONACOMS26SEPFUT,2026-07-28,2026-08-25 00:00:00,2026-09-29 00:00:00,1225,3,294,2026-07-16T23:27:04
SRF,NSE:SRF26JULFUT,NSE:SRF26AUGFUT,NSE:SRF26SEPFUT,2026-07-28,2026-08-25 00:00:00,2026-09-29 00:00:00,200,3,272,2026-07-16T23:27:04
SUNPHARMA,NSE:SUNPHARMA26JULFUT,NSE:SUNPHARMA26AUGFUT,NSE:SUNPHARMA26SEPFUT,2026-07-28,2026-08-25 00:00:00,2026-09-29 00:00:00,350,3,372,2026-07-16T23:27:04
SUPREMEIND,NSE:SUPREMEIND26JULFUT,NSE:SUPREMEIND26AUGFUT,NSE:SUPREMEIND26SEPFUT,2026-07-28,2026-08-25 00:00:00,2026-09-29 00:00:00,175,3,300,2026-07-16T23:27:04
SUZLON,NSE:SUZLON26JULFUT,NSE:SUZLON26AUGFUT,NSE:SUZLON26SEPFUT,2026-07-28,2026-08-25 00:00:00,2026-09-29 00:00:00,12700,3,248,2026-07-16T23:27:04
SWIGGY,NSE:SWIGGY26JULFUT,NSE:SWIGGY26AUGFUT,NSE:SWIGGY26SEPFUT,2026-07-28,2026-08-25 00:00:00,2026-09-29 00:00:00,1825,3,240,2026-07-16T23:27:04
TATACONSUM,NSE:TATACONSUM26JULFUT,NSE:TATACONSUM26AUGFUT,NSE:TATACONSUM26SEPFUT,2026-07-28,2026-08-25 00:00:00,2026-09-29 00:00:00,550,3,434,2026-07-16T23:27:04
TATAELXSI,NSE:TATAELXSI26JULFUT,NSE:TATAELXSI26AUGFUT,NSE:TATAELXSI26SEPFUT,2026-07-28,2026-08-25 00:00:00,2026-09-29 00:00:00,125,3,340,2026-07-16T23:27:04
TATAPOWER,NSE:TATAPOWER26JULFUT,NSE:TATAPOWER26AUGFUT,NSE:TATAPOWER26SEPFUT,2026-07-28,2026-08-25 00:00:00,2026-09-29 00:00:00,1450,3,316,2026-07-16T23:27:04
TATASTEEL,NSE:TATASTEEL26JULFUT,NSE:TATASTEEL26AUGFUT,NSE:TATASTEEL26SEPFUT,2026-07-28,2026-08-25 00:00:00,2026-09-29 00:00:00,2750,3,316,2026-07-16T23:27:04
TCS,NSE:TCS26JULFUT,NSE:TCS26AUGFUT,NSE:TCS26SEPFUT,2026-07-28,2026-08-25 00:00:00,2026-09-29 00:00:00,225,3,464,2026-07-16T23:27:04
TECHM,NSE:TECHM26JULFUT,NSE:TECHM26AUGFUT,NSE:TECHM26SEPFUT,2026-07-28,2026-08-25 00:00:00,2026-09-29 00:00:00,600,3,432,2026-07-16T23:27:04
TIINDIA,NSE:TIINDIA26JULFUT,NSE:TIINDIA26AUGFUT,NSE:TIINDIA26SEPFUT,2026-07-28,2026-08-25 00:00:00,2026-09-29 00:00:00,200,3,321,2026-07-16T23:27:04
TITAN,NSE:TITAN26JULFUT,NSE:TITAN26AUGFUT,NSE:TITAN26SEPFUT,2026-07-28,2026-08-25 00:00:00,2026-09-29 00:00:00,175,3,342,2026-07-16T23:27:04
TMPV,NSE:TMPV26JULFUT,NSE:TMPV26AUGFUT,NSE:TMPV26SEPFUT,2026-07-28,2026-08-25 00:00:00,2026-09-29 00:00:00,1600,3,326,2026-07-16T23:27:04
TORNTPHARM,NSE:TORNTPHARM26JULFUT,NSE:TORNTPHARM26AUGFUT,NSE:TORNTPHARM26SEPFUT,2026-07-28,2026-08-25 00:00:00,2026-09-29 00:00:00,125,3,390,2026-07-16T23:27:04
TRENT,NSE:TRENT26JULFUT,NSE:TRENT26AUGFUT,NSE:TRENT26SEPFUT,2026-07-28,2026-08-25 00:00:00,2026-09-29 00:00:00,225,3,380,2026-07-16T23:27:04
TVSMOTOR,NSE:TVSMOTOR26JULFUT,NSE:TVSMOTOR26AUGFUT,NSE:TVSMOTOR26SEPFUT,2026-07-28,2026-08-25 00:00:00,2026-09-29 00:00:00,175,3,355,2026-07-16T23:27:04
ULTRACEMCO,NSE:ULTRACEMCO26JULFUT,NSE:ULTRACEMCO26AUGFUT,NSE:ULTRACEMCO26SEPFUT,2026-07-28,2026-08-25 00:00:00,2026-09-29 00:00:00,50,3,474,2026-07-16T23:27:04
UNIONBANK,NSE:UNIONBANK26JULFUT,NSE:UNIONBANK26AUGFUT,NSE:UNIONBANK26SEPFUT,2026-07-28,2026-08-25 00:00:00,2026-09-29 00:00:00,4425,3,316,2026-07-16T23:27:04
UNITDSPR,NSE:UNITDSPR26JULFUT,NSE:UNITDSPR26AUGFUT,NSE:UNITDSPR26SEPFUT,2026-07-28,2026-08-25 00:00:00,2026-09-29 00:00:00,400,3,289,2026-07-16T23:27:04
UNOMINDA,NSE:UNOMINDA26JULFUT,NSE:UNOMINDA26AUGFUT,NSE:UNOMINDA26SEPFUT,2026-07-28,2026-08-25 00:00:00,2026-09-29 00:00:00,550,3,236,2026-07-16T23:27:04
UPL,NSE:UPL26JULFUT,NSE:UPL26AUGFUT,NSE:UPL26SEPFUT,2026-07-28,2026-08-25 00:00:00,2026-09-29 00:00:00,1355,3,291,2026-07-16T23:27:04
VBL,NSE:VBL26JULFUT,NSE:VBL26AUGFUT,NSE:VBL26SEPFUT,2026-07-28,2026-08-25 00:00:00,2026-09-29 00:00:00,1275,3,256,2026-07-16T23:27:04
VEDL,NSE:VEDL26JULFUT,NSE:VEDL26AUGFUT,NSE:VEDL26SEPFUT,2026-07-28,2026-08-25 00:00:00,2026-09-29 00:00:00,1150,3,267,2026-07-16T23:27:04
VMM,NSE:VMM26JULFUT,NSE:VMM26AUGFUT,NSE:VMM26SEPFUT,2026-07-28,2026-08-25 00:00:00,2026-09-29 00:00:00,4850,3,239,2026-07-16T23:27:04
VOLTAS,NSE:VOLTAS26JULFUT,NSE:VOLTAS26AUGFUT,NSE:VOLTAS26SEPFUT,2026-07-28,2026-08-25 00:00:00,2026-09-29 00:00:00,375,3,282,2026-07-16T23:27:04
WAAREEENER,NSE:WAAREEENER26JULFUT,NSE:WAAREEENER26AUGFUT,NSE:WAAREEENER26SEPFUT,2026-07-28,2026-08-25 00:00:00,2026-09-29 00:00:00,175,3,252,2026-07-16T23:27:04
WIPRO,NSE:WIPRO26JULFUT,NSE:WIPRO26AUGFUT,NSE:WIPRO26SEPFUT,2026-07-28,2026-08-25 00:00:00,2026-09-29 00:00:00,3000,3,290,2026-07-16T23:27:04
YESBANK,NSE:YESBANK26JULFUT,NSE:YESBANK26AUGFUT,NSE:YESBANK26SEPFUT,2026-07-28,2026-08-25 00:00:00,2026-09-29 00:00:00,31100,3,130,2026-07-16T23:27:04
ZYDUSLIFE,NSE:ZYDUSLIFE26JULFUT,NSE:ZYDUSLIFE26AUGFUT,NSE:ZYDUSLIFE26SEPFUT,2026-07-28,2026-08-25 00:00:00,2026-09-29 00:00:00,900,3,444,2026-07-16T23:27:04
